profile,repeat_count,processing_fps_mean,processing_fps_std,source_progress_fps_mean,source_progress_fps_std,p95_latency_ms_mean,p95_latency_ms_std,drop_rate_mean,drop_rate_std,startup_seconds_mean,startup_seconds_std,shutdown_seconds_mean,shutdown_seconds_std,peak_ram_gb_mean,peak_ram_gb_std,peak_vram_gb_mean,peak_vram_gb_std
football_tracktrack_300,3,11.032427410922702,0.19504198127319095,10.673042167576517,0.1747995824899212,101.79496666387422,2.2342068176245617,0.0,0.0,6.43473166666566,0.7573269989018007,0.020553666666576948,0.006627097448586697,1.7572333333333334,0.0006798692684790647,0.1507,0.0
traffic_ua_auto_300,3,18.448935538839734,0.26922768265169694,17.831235443683596,0.2836666528731943,63.69733333121985,1.5981586826507037,0.0,0.0,6.272096533335571,0.041064770952440516,0.01620339999741797,0.003802079175415369,1.6565333333333332,0.0003399346342395541,0.0733,0.0
traffic_ua_none_300,3,21.006307361160225,3.2985890919498235,20.33201989220931,3.218053837222159,60.87233333770806,2.866370463986576,0.0,0.0,6.8445346666727955,0.8633537400356073,0.009669266665393176,0.0017974588188006855,1.6562333333333334,0.0004189935029992718,0.0733,0.0
traffic_street_auto_300,3,30.046447213832106,7.320150310299388,29.098004557167943,7.0558056413922765,41.94193333144843,13.231266946580629,0.0,0.0,4.017233633334399,0.08706356666443885,0.00872203333225722,0.0012432841579586374,1.6491333333333333,0.0006649979114419269,0.0733,0.0
classroom_auto_300,3,17.858702718778876,0.8149552104111631,17.310380086140807,0.7809724197951229,64.98696666676551,0.6730419780090422,0.0,0.0,6.1525062999983975,0.0868765700786372,0.011019999998097774,0.0005605430276474588,1.6562666666666666,0.0006798692684790647,0.0733,0.0
classroom_none_300,3,19.229404152618958,1.164084029418331,18.633243294923705,1.1274881183632108,62.370133333994694,1.55082355295993,0.0,0.0,6.324169200001052,0.10984358943441033,0.013115199998234553,0.0013920017911181971,1.6567999999999998,0.0005887840577552003,0.0733,0.0
wildlife_yoloe_300,3,22.317642566849912,0.21880802846858388,21.61977033015693,0.2260421543706304,49.19266667032692,0.5207225893640786,0.0,0.0,4.003170633334473,0.5867693581548176,0.010873966666016107,3.201388767346309e-05,1.6398333333333335,0.006757876063445431,0.1526,0.0
microscopy_adapter_92,3,10.473950874272942,1.2134668915095879,10.156592032391769,1.176643451623543,105.62610000003285,5.313727644556657,0.0,0.0,4.25791353333625,0.03628503787211823,0.019139866664772853,0.0036771027934904667,1.7180333333333333,0.0009177266598623905,0.0696,0.0
microscopy_none_92,3,15.219970323717616,0.10978999169918711,14.639033470097234,0.10386871599783527,74.70993333360336,1.4194845685591644,0.0,0.0,4.078364933334039,0.03492084044880726,0.013651066668292819,0.00029384413300442754,1.7104666666666664,0.00012472191289245098,0.0696,0.0
